[  
	{      
		"city": "Bucuresti",          
		"lat": "44.433333",       
		"lng": "26.1",       
    }, 
	{
        "city": "Arges",  
        "lat": "44.85", 
        "lng": "24.866667", 
    },
    {
        "city": "Iasi",  
        "lat": "47.166667", 
        "lng": "27.6", 
    }, 
    {
        "city": "Cluj",  
        "lat": "46.766667", 
        "lng": "23.6", 
    }, 
    {
        "city": "Timis",  
        "lat": "45.749444", 
        "lng": "21.227222", 
    },
	{
        "city": "Ialomita",  
        "lat": "44.566667", 
        "lng": "27.366667", 
    }, 
	{
        "city": "Harghita",  
        "lat": "46.35", 
        "lng": "25.8", 
    }, 
	{
        "city": "Teleorman",  
        "lat": "43.983333", 
        "lng": "25.333333", 
    }, 
	{
        "city": "Covasna",  
        "lat": "45.866667", 
        "lng": "25.783333", 
    }, 
    {
        "city": "Dolj",  
        "lat": "44.316667", 
        "lng": "23.8", 
    },
	{
        "city": "Mures", 
        "lat": "46.55", 
        "lng": "24.566667", 
    },
	{
        "city": "Caras-Severin",  
        "lat": "45.300833", 
        "lng": "21.889167", 
    },
	{
        "city": "Salaj",  
        "lat": "47.2", 
        "lng": "23.05", 
    }, 
	{
        "city": "Olt", 
        "lat": "44.433333", 
        "lng": "24.316667", 
    },	
	{
        "city": "Dambovita", 
        "lat": "44.933333", 
        "lng": "25.45", 
    },
	{
        "city": "Gorj",  
        "lat": "45.05", 
        "lng": "23.283333", 
    }, 
	{
        "city": "Neamt",  
        "lat": "46.916667", 
        "lng": "26.333333", 
    }, 
	{
        "city": "Vrancea",  
        "lat": "45.7", 
        "lng": "27.183333", 
    }, 
	{
        "city": "Valcea",  
        "lat": "45.1", 
        "lng": "24.366667", 
    }, 
	{
        "city": "Mehedinti",  
        "lat": "44.631944", 
        "lng": "22.656111", 
    },
	{
        "city": "Maramures", 
        "lat": "47.666667", 
        "lng": "23.583333", 
    }, 	
    {
        "city": "Galati",  
        "lat": "45.45", 
        "lng": "28.05", 
    }, 
    {
        "city": "Brasov",  
        "lat": "45.633333", 
        "lng": "25.583333", 
    }, 
    {
        "city": "Constanta",  
        "lat": "44.183333", 
        "lng": "28.65", 
    }, 
    {
        "city": "Braila", 
        "lat": "45.266667", 
        "lng": "27.983333", 
    }, 
    {
        "city": "Bacau",  
        "lat": "46.566667", 
        "lng": "26.9", 
    }, 
    {
        "city": "Arad", 
        "lat": "46.183333", 
        "lng": "21.316667", 
    }, 
    {
        "city": "Sibiu",
        "lat": "45.8", 
        "lng": "24.15", 
    }, 
    {
        "city": "Buzau", 
        "lat": "45.15", 
        "lng": "26.833333", 
    }, 
    {
        "city": "Botosani", 
        "lat": "47.75", 
        "lng": "26.666667", 
    }, 
    {
        "city": "Satu Mare", 
        "lat": "47.8", 
        "lng": "22.883333", 
    },  
    {
        "city": "Tulcea",  
        "lat": "45.166667", 
        "lng": "28.8", 
    },  
    {
        "city": "Bistrita-Nasaud", 
        "lat": "47.133333", 
        "lng": "24.483333", 
    }, 
    {
        "city": "Calarasi",  
        "lat": "44.2", 
        "lng": "27.333333", 
    }, 
    {
        "city": "Vaslui",  
        "lat": "46.633333", 
        "lng": "27.733333", 
    }, 
    {
        "city": "Giurgiu",  
        "lat": "43.883333", 
        "lng": "25.966667", 
    }, 
    {
        "city": "Alba",  
        "lat": "46.066667", 
        "lng": "23.583333", 
    }, 
	{
        "city": "Prahova", 
        "lat": "44.95", 
        "lng": "26.016667", 
    },
	{
        "city": "Bihor", 
        "lat": "47.066667", 
        "lng": "21.933333", 
    }, 
    {
        "city": "Hunedoara", 
        "lat": "45.75", 
        "lng": "22.9", 
    }, 
    {
        "city": "Suceava",  
        "lat": "47.633333", 
        "lng": "26.25", 
    }
]